<?xml version="1.0" encoding="utf-8" standalone="yes"?>
<rss version="2.0" xmlns:atom="http://www.w3.org/2005/Atom">
  <channel>
    <title>Assignments on MIT OpenCourseWare</title>
    <link>/resources/assignments/</link>
    <description>Recent content in Assignments on MIT OpenCourseWare</description>
    <generator>Hugo -- gohugo.io</generator>
    <language>en-us</language><atom:link href="/resources/assignments/index.xml" rel="self" type="application/rss+xml" />
    <item>
      <title>Assignments</title>
      <link>/pages/assignments/data.json</link>
      <pubDate>Mon, 01 Jan 0001 00:00:00 +0000</pubDate>
      
      <guid>/pages/assignments/data.json</guid>
      <description>This section contains problem sets, labs, and a description of the final project. Some assignments require access to online development tools and environments that may not be freely available to OCW users. The assignments are included here as examples of the work MIT students were expected to complete.
Problem Sets PROBLEM SETS Problem set 1 (PDF) Problem set 2 (PDF) Problem set 3 (PDF) Labs SimpleDB overview (PDF)
SimpleDB documentation</description>
    </item>
    
    <item>
      <title>Final Project Assignment and Ideas </title>
      <link>/pages/assignments/project/data.json</link>
      <pubDate>Mon, 01 Jan 0001 00:00:00 +0000</pubDate>
      
      <guid>/pages/assignments/project/data.json</guid>
      <description>A large portion (20%) of your grade in 6.830 consists of a final project. This project is meant to be a substantial independent research or engineering effort related to material we have studied in class. Your project may involve a comparison of systems we have read about, an application of database techniques to a system you are familiar with, or be a database-related project in your research area.
This document describes what is expected of a final project and proposes some possible project ideas.</description>
    </item>
    
    <item>
      <title>lab1.tar.gz</title>
      <link>/resources/lab1-tar/data.json</link>
      <pubDate>Mon, 01 Jan 0001 00:00:00 +0000</pubDate>
      
      <guid>/resources/lab1-tar/data.json</guid>
      <description>This resource is a supporting file for lab 1.</description>
    </item>
    
    <item>
      <title>lab2_supp.tar.gz</title>
      <link>/resources/lab2_supp-tar/data.json</link>
      <pubDate>Mon, 01 Jan 0001 00:00:00 +0000</pubDate>
      
      <guid>/resources/lab2_supp-tar/data.json</guid>
      <description>This resource is a supporting file for lab 2.</description>
    </item>
    
    <item>
      <title>lab3_supp.tar.gz</title>
      <link>/resources/lab3_supp-tar/data.json</link>
      <pubDate>Mon, 01 Jan 0001 00:00:00 +0000</pubDate>
      
      <guid>/resources/lab3_supp-tar/data.json</guid>
      <description>This resource is a supporting file for lab 3.</description>
    </item>
    
    <item>
      <title>lab4_supp.tar.gz</title>
      <link>/resources/lab4_supp-tar/data.json</link>
      <pubDate>Mon, 01 Jan 0001 00:00:00 +0000</pubDate>
      
      <guid>/resources/lab4_supp-tar/data.json</guid>
      <description>This resource is a supporting file for lab 4.</description>
    </item>
    
    <item>
      <title>lab5_patch.txt</title>
      <link>/resources/lab5_patch/data.json</link>
      <pubDate>Mon, 01 Jan 0001 00:00:00 +0000</pubDate>
      
      <guid>/resources/lab5_patch/data.json</guid>
      <description>This resource is a supporting file for lab 5.</description>
    </item>
    
    <item>
      <title>lab5_supp.tar.gz</title>
      <link>/resources/lab5_supp-tar/data.json</link>
      <pubDate>Mon, 01 Jan 0001 00:00:00 +0000</pubDate>
      
      <guid>/resources/lab5_supp-tar/data.json</guid>
      <description>This resource is a supporting file for lab 5.</description>
    </item>
    
    <item>
      <title>MIT6_830F10_lab1.pdf</title>
      <link>/resources/mit6_830f10_lab1/data.json</link>
      <pubDate>Mon, 01 Jan 0001 00:00:00 +0000</pubDate>
      
      <guid>/resources/mit6_830f10_lab1/data.json</guid>
      <description>This resource contains information related to dummy tables.</description>
    </item>
    
    <item>
      <title>MIT6_830F10_lab2.pdf</title>
      <link>/resources/mit6_830f10_lab2/data.json</link>
      <pubDate>Mon, 01 Jan 0001 00:00:00 +0000</pubDate>
      
      <guid>/resources/mit6_830f10_lab2/data.json</guid>
      <description>This resource contains information related to simpledb operators.</description>
    </item>
    
    <item>
      <title>MIT6_830F10_lab3.pdf</title>
      <link>/resources/mit6_830f10_lab3/data.json</link>
      <pubDate>Mon, 01 Jan 0001 00:00:00 +0000</pubDate>
      
      <guid>/resources/mit6_830f10_lab3/data.json</guid>
      <description>This resource contains information related to simpledb transactions.</description>
    </item>
    
    <item>
      <title>MIT6_830F10_lab4.pdf</title>
      <link>/resources/mit6_830f10_lab4/data.json</link>
      <pubDate>Mon, 01 Jan 0001 00:00:00 +0000</pubDate>
      
      <guid>/resources/mit6_830f10_lab4/data.json</guid>
      <description>This resource contains information related to query optimization.</description>
    </item>
    
    <item>
      <title>MIT6_830F10_lab5.pdf</title>
      <link>/resources/mit6_830f10_lab5/data.json</link>
      <pubDate>Mon, 01 Jan 0001 00:00:00 +0000</pubDate>
      
      <guid>/resources/mit6_830f10_lab5/data.json</guid>
      <description>This resource contains information related to rollback and recovery.</description>
    </item>
    
    <item>
      <title>MIT6_830F10_overview.pdf</title>
      <link>/resources/mit6_830f10_overview/data.json</link>
      <pubDate>Mon, 01 Jan 0001 00:00:00 +0000</pubDate>
      
      <guid>/resources/mit6_830f10_overview/data.json</guid>
      <description>This resource contains information related to simpledb.</description>
    </item>
    
    <item>
      <title>MIT6_830F10_ps1.pdf</title>
      <link>/resources/mit6_830f10_ps1/data.json</link>
      <pubDate>Mon, 01 Jan 0001 00:00:00 +0000</pubDate>
      
      <guid>/resources/mit6_830f10_ps1/data.json</guid>
      <description>This resource contains information related to grants database.</description>
    </item>
    
    <item>
      <title>MIT6_830F10_ps2.pdf</title>
      <link>/resources/mit6_830f10_ps2/data.json</link>
      <pubDate>Mon, 01 Jan 0001 00:00:00 +0000</pubDate>
      
      <guid>/resources/mit6_830f10_ps2/data.json</guid>
      <description>This resource contains information related to query plans.</description>
    </item>
    
    <item>
      <title>MIT6_830F10_ps3.pdf</title>
      <link>/resources/mit6_830f10_ps3/data.json</link>
      <pubDate>Mon, 01 Jan 0001 00:00:00 +0000</pubDate>
      
      <guid>/resources/mit6_830f10_ps3/data.json</guid>
      <description>This resource contains information related to parallel query processing.</description>
    </item>
    
    <item>
      <title>nsf_data.tar.gz</title>
      <link>/resources/nsf_data-tar/data.json</link>
      <pubDate>Mon, 01 Jan 0001 00:00:00 +0000</pubDate>
      
      <guid>/resources/nsf_data-tar/data.json</guid>
      <description>This resource is a supporting file for lab 2.</description>
    </item>
    
  </channel>
</rss>
