{"00a5c164-25d3-b905-dfcd-2993ffd6ab50":"/resources/mit6_830f10_lec18/data.json","08e7d76a-03d5-dddb-0d61-b0f5d06eecc5":"/pages/readings/lec14/data.json","0984e5c9-e745-a1ff-d69b-5ad93c274c59":"/pages/readings/lec10/data.json","10b223dc-3daf-6fda-4001-272799b153a0":"/resources/mit6_830f10_lec10/data.json","1343b269-9f7d-4c76-a768-b8f45b1674b1":"/resources/mit6_830f10_lec06/data.json","1e713d66-f674-b37e-57f8-a4dfe5539771":"/pages/assignments/project/data.json","248a1aba-3373-b4fa-358d-f1bc01aed941":"/resources/mit6_830f10_lec19/data.json","264607c7-0ffc-9710-8f6c-e14914220be5":"/resources/mit6_830f10_lec20/data.json","34af4aea-b0ab-4c4f-8400-a1728e3ec1c3":"/resources/mit6_830f10_lec14/data.json","37831284-17fe-e9d2-e814-9c434a102c0c":"/resources/mit6_830f10_lab2/data.json","3dde7e38-f734-79c8-486a-579c760881f7":"/resources/mit6_830f10_lec05/data.json","48786fd1-aecc-1398-c96b-b45fc2350444":"/pages/readings/lec18/data.json","4d3c5294-e9f0-032d-2060-5ec3fce88e9c":"/pages/exams/data.json","4ddb0f0e-cd21-86f8-a9fb-8caaf7006fd9":"/pages/readings/lec8/data.json","4ef68d06-23e2-6e1c-cd86-d74f576d71c3":"/resources/mit6_830f10_quiz01_sol/data.json","607e580d-09fd-cfa0-0f08-a87ae0de6ad6":"/pages/readings/data.json","65e4ed75-9935-7838-d730-0e3195f05fa0":"/resources/mit6_830f10_quiz01/data.json","66567cf1-bcf6-6bb7-3302-5efcf677f715":"/pages/readings/lec16/data.json","6868c6cc-27a2-1403-813c-fceeed1d1ca8":"/pages/readings/lec19/data.json","6b9dbb26-5ae7-3134-32ca-201c5d7a5a8e":"/resources/lab5_supp-tar/data.json","6ba96240-843a-a7b3-a5c6-8724324b4ae5":"/resources/6-830f10-th/data.json","6d3a4043-e482-9ea6-7577-4c98e743ea43":"/resources/mit6_830f10_ps2/data.json","6d426ed0-98eb-42a8-69a5-db6d2d506a10":"/resources/mit6_830f10_lab1/data.json","6e4bacb1-8e87-ad0c-c76c-5af99c5cca10":"/resources/mit6_830f10_ps1/data.json","7540d246-0fd9-4fbe-3b0e-9f38fb4b693d":"/resources/mit6_830f10_lab4/data.json","75e1c741-b298-9e11-b22a-dd3535db6620":"/pages/readings/lec9/data.json","79323993-8576-55da-bb37-c0853c17337c":"/pages/syllabus/data.json","7b28a2eb-f609-323f-8ac6-783cae73beb5":"/resources/mit6_830f10_lec09_selinger/data.json","7d9dc86a-b8b3-f2bd-03d6-c41a4e9ae5b4":"/resources/lab1-tar/data.json","7e452213-9ff8-c4f4-ce12-ca666628b3d1":"/pages/readings/lec5/data.json","80fdc445-f92c-a875-b862-38522f364f02":"/resources/lab3_supp-tar/data.json","83255771-ee33-7769-c6f3-1a15aa26beb9":"/pages/readings/lec15/data.json","835dd16a-4689-fe1d-a4a1-c2d1d6b4304c":"/pages/readings/lec2/data.json","843428ab-cd34-716f-d633-6557e01873f3":"/resources/lab4_supp-tar/data.json","887b347f-358a-dc23-56e4-a7411b44c7a4":"/pages/lecture-notes/data.json","8d7652b9-5f03-2eab-2dcd-6320d8a9f1c7":"/resources/mit6_830f10_lec02/data.json","8d820170-818e-123c-0f07-8729a6712bc1":"/resources/mit6_830f10_lec04/data.json","93204131-ff0a-135b-b8d3-8900ec08c17d":"/resources/mit6_830f10_lab5/data.json","935ede97-2b99-2acb-7e5b-bbd82ad8ad68":"/resources/mit6_830f10_lec13/data.json","9d741e33-1f4e-9455-417b-5c0fd3609d90":"/resources/lab2_supp-tar/data.json","9d9aaba7-f4cf-cf06-07dc-8893b7a839c3":"/resources/mit6_830f10_quiz02/data.json","9dfb284b-d00a-502f-99f9-a78bd61390ea":"/pages/readings/lec17/data.json","a0d8109c-7a45-6dce-7787-f445cf1500ca":"/resources/mit6_830f10_lab3/data.json","a1d3676a-9523-b53c-f5fa-c95f19df6551":"/pages/readings/lec12/data.json","a8f0c23a-f21f-c07f-3c69-6ce4df4e4582":"/resources/mit6_830f10_lec07/data.json","a91bf495-b6af-c582-3d06-abd5f282f5f0":"/resources/nsf_data-tar/data.json","a9c47ed7-d80c-1bfc-51d0-baf7ac545398":"/resources/mit6_830f10_lec03/data.json","a9ec7687-aec0-c4c0-84b7-fb7c1b25d83d":"/resources/mit6_830f10_quiz02_sol/data.json","b40315db-3f5f-7f55-b64f-d70771dc314a":"/pages/readings/lec13/data.json","b4ca5673-a0b5-7b2f-f435-ffbd12de5b59":"/resources/mit6_830f10_ps3/data.json","bb7317f7-4359-bd61-ad49-7a689e151ef1":"/resources/mit6_830f10_lec16/data.json","c8f9eae5-d3e9-34f1-f7c5-c3528a164316":"/pages/readings/lec3/data.json","cb945a4c-bc66-de19-5f56-67d51ac78666":"/pages/readings/lec20/data.json","cbab1dd7-4657-9df2-cf20-fe5027fbf95a":"/resources/mit6_830f10_lec07b/data.json","ce269ab3-b1fe-758d-f40a-ec6cad51371e":"/resources/mit6_830f10_lec01/data.json","cf3d2f95-cf16-fa71-7f57-1771c3792d38":"/resources/mit6_830f10_lec09/data.json","d4cbf926-7449-e515-309f-93c4d4a15ee5":"/pages/calendar/data.json","d69d410c-e33b-5aa4-5c37-c6b38a78ca4f":"/resources/mit6_830f10_lec11/data.json","da9ed258-0ecd-2ebd-249f-225c2862f4a6":"/resources/mit6_830f10_overview/data.json","e063ec5a-9aa5-b2e8-6630-ba1fa4656695":"/pages/readings/lec7/data.json","e3e3793c-e7ed-9d0a-c7b1-c5e18c2d5918":"/pages/assignments/data.json","e4f535ce-0df7-ea18-3379-de8df431f906":"/resources/lab5_patch/data.json","e6345ec7-14bf-830b-c70a-9b5f194c1edf":"/resources/mit6_830f10_lec15/data.json","e72d69e6-24a8-6acb-9aec-ddde59f04f4f":"/pages/readings/lec4/data.json","f1983db5-6559-3b75-2835-454dd9d91b62":"/resources/mit6_830f10_lec17/data.json","f59bf6ba-c7ab-4607-ed75-486674863cd9":"/pages/readings/lec6/data.json","f6a4a858-0e9f-6297-29e1-4e358a682bf4":"/resources/6-830f10/data.json","f8656ba4-421e-b5f5-8cd1-38b085d89a72":"/resources/mit6_830f10_lec12/data.json","fe990146-9a4a-62e1-aef3-36bea7ad3e69":"/resources/mit6_830f10_lec20b/data.json","ff78b687-f1a3-e5e0-58c2-ac171ff64a6d":"/pages/readings/lec11/data.json"}