{
  "title":"6-830f10.jpg",
  "description": "Persons receiving food stamps in the U.S., 1960-2000. Shaded areas are periods of recession as defined by the National Bureau of Economic Research. (Image courtesy of the U.S. Department of Health and Human Services.) ",
  "file": "/courses/6-830-database-systems-fall-2010/f6a4a8580e9f629729e14e358a682bf4_6-830f10.jpg",
  "learning_resource_types": [],
  "resource_type": "Image",
  "file_type": "image/jpeg",
  "image_metadata": {"caption":"The general architecture of a database management system. (Image by MIT OpenCourseWare.)","credit":"Image courtesy of the U.S. Department of Health and Human Services.","image-alt":"Diagram of database architecture."}}
